sku,existing_qty,bandcamp_qty,account,product_title
CD-BW-010,48,48,"Birdwatcher Records","Adir L.C. Basket Star CD"
BW 006,36,36,"Birdwatcher Records","Cale Brandley with Triptych Myth: Finding Fire CD"
G-OS-CID,133,133,"Birdwatcher Records","CD in Digipack"
CS-BW-010,74,74,"Birdwatcher Records","Limited Edition Cassette"
CD-BW-001,6,6,"Birdwatcher Records","Limited Edition Compact Disc"
CD-BW-013,46,46,"Birdwatcher Records","Timoka Deluxe CD in Jacket"
LP-BW-013,44,44,"Birdwatcher Records","Timoka Deluxe Vinyl"
SK-TOT-TOTC,64,64,"Birdwatcher Records","Tulip or Turnip CD in Digipack"
LP-EHR-060,7,8,"Egghunt Records","Black 12" LP (BioVinyl)"
LP-EHR-053,9,9,"Egghunt Records","Limited Bandcamp Exclusive 12" Vinyl"
MLP-EHR-027,19,19,"Egghunt Records","Limited Edition 12" Vinyl"
CS-EHR-016,1,1,"Egghunt Records","Limited Edition Cassette"
MLP-EHR-054C1,49,49,"Egghunt Records","Limited Edition Solid Gold 12" Vinyl"
LP-EHR-054,53,53,"Egghunt Records","Standard Black 12" Vinyl"
CNO-BBFG-BBFG,232,232,"Good Neighbor","Bubble Bath for Giants LP"
ITP-ID-12V,14,14,"In The Pines","12" Vinyl"
ITP-SB-12V,3,3,"In The Pines","12" Vinyl"
ITP-PBN-LEOT,28,28,"In The Pines","LTD Edition orange translucent 12" vinyl"
ITP-PBNT-1,8,1,"In The Pines","Painting By Numbers tee (bay blue)"
ITP-PBNT-1,8,2,"In The Pines","Painting By Numbers tee (bay blue)"
ITP-PBNT-1,8,2,"In The Pines","Painting By Numbers tee (bay blue)"
ITP-PBNT-1,8,2,"In The Pines","Painting By Numbers tee (bay blue)"
ITP-PBNT-1,8,1,"In The Pines","Painting By Numbers tee (bay blue)"
ITP-PBNT,7,1,"In The Pines","Painting By Numbers Tee (espresso)"
ITP-PBNT,7,2,"In The Pines","Painting By Numbers Tee (espresso)"
ITP-PBNT,7,1,"In The Pines","Painting By Numbers Tee (espresso)"
ITP-PBNT,7,1,"In The Pines","Painting By Numbers Tee (espresso)"
ITP-PBNT,7,1,"In The Pines","Painting By Numbers Tee (espresso)"
ITP-PBNT,7,1,"In The Pines","Painting By Numbers Tee (espresso)"
LR118-1,49,49,"LEAVING RECORDS","1/LP Black Vinyl"
TANF-DC-DC12,1,1,"LEAVING RECORDS","12" LP"
SGSW-MFSA-12V,62,1,"LEAVING RECORDS","12" VINYL"
LR159,72,205,"LEAVING RECORDS","12" Vinyl LP"
X-W-12VL,7,7,"LEAVING RECORDS","12" VINYL LP"
SBNM-SM-2,4,4,"LEAVING RECORDS","2LP"
M-MM-2BV,63,469,"LEAVING RECORDS","2LP BLACK VINYL"
SBNM-SM-2V,187,7,"LEAVING RECORDS","2LP VINYL"
FH-E-2CEA,76,76,"LEAVING RECORDS","2ND CASSETTE EDITION: AQUA EURYBIA"
L-AIOP-AIOP,87,87,"LEAVING RECORDS","All In One Peace 3CS Bundle"
NK-ABP,5,2,"LEAVING RECORDS","Arches Block Print"
L-IWT2-B2V,48,367,"LEAVING RECORDS","BLACK 2LP VINYL"
NG-MBTTU-V,76,42,"LEAVING RECORDS","BLACK VINYL"
FDN-SC-FDNS,89,89,"LEAVING RECORDS","BLACK VINYL"
BDW-TI-BV,287,287,"LEAVING RECORDS","BLACK VINYL"
A-ISTN-BV,70,1,"LEAVING RECORDS","BLACK VINYL"
CP-LEE-V,60,1,"LEAVING RECORDS","BLACK VINYL"
HTN-U-V,32,499,"LEAVING RECORDS","BLACK VINYL"
BF-ATTW-V,193,193,"LEAVING RECORDS","BLACK VINYL"
GH-AHFA-BV,51,51,"LEAVING RECORDS","BLACK VINYL"
669158573523,35,387,"LEAVING RECORDS","BLACK VINYL"
BDW-TI-BC,32,139,"LEAVING RECORDS","BLUE CASSETTE"
BF-ATTW-BV,78,63,"LEAVING RECORDS","BLUE VINYL"
L-BS,117,117,"LEAVING RECORDS","BUMPER STICKER"
AC-C,67,67,"LEAVING RECORDS","Cassette"
A-ND-C,25,25,"LEAVING RECORDS","CASSETTE"
FH-BB-C,65,65,"LEAVING RECORDS","CASSETTE"
NG-CS-CC,46,46,"LEAVING RECORDS","CASSETTE"
FDN-SC-LEC,13,70,"LEAVING RECORDS","CASSETTE"
LL-RM-C,287,185,"LEAVING RECORDS","CASSETTE"
LACD-IF-C,109,109,"LEAVING RECORDS","CASSETTE"
SBNM-SM-C,1,132,"LEAVING RECORDS","CASSETTE"
SCD-SCD-CS,132,1,"LEAVING RECORDS","CASSETTE"
JB-D3-C,1,130,"LEAVING RECORDS","CASSETTE"
TD-HF-C-1,168,1,"LEAVING RECORDS","CASSETTE"
AV-TG-C,134,60,"LEAVING RECORDS","CASSETTE"
SZ-SL-C,169,169,"LEAVING RECORDS","CASSETTE"
CP-LSEE-C-1,77,77,"LEAVING RECORDS","CASSETTE"
CP-LSEE-C,169,1,"LEAVING RECORDS","CASSETTE"
BF-ATTW-C,1,161,"LEAVING RECORDS","CASSETTE"
LS-FDIQ-C,498,1,"LEAVING RECORDS","CASSETTE"
DTPG-THH-C,9,9,"LEAVING RECORDS","CASSETTE"
AJ-D-C-1,52,32,"LEAVING RECORDS","CASSETTE"
AJ-D-C,50,50,"LEAVING RECORDS","CASSETTE"
SG-DT-C,260,260,"LEAVING RECORDS","CASSETTE"
TW-SW-C,143,143,"LEAVING RECORDS","CASSETTE"
L-T-C,48,48,"LEAVING RECORDS","CASSETTE"
Z-SL-C,95,95,"LEAVING RECORDS","CASSETTE"
M-JSP-C,48,48,"LEAVING RECORDS","CASSETTE"
C-ERE-C,49,49,"LEAVING RECORDS","CASSETTE"
AD-MMV1-C,26,61,"LEAVING RECORDS","CASSETTE"
SS-SE-CS,185,185,"LEAVING RECORDS","CASSETTE"
M-OM-C,7,7,"LEAVING RECORDS","CASSETTE"
M-CT-C,80,80,"LEAVING RECORDS","CASSETTE"
BT-SAFN-C-1,20,29,"LEAVING RECORDS","CASSETTE"
BT-SAFN-C,21,21,"LEAVING RECORDS","CASSETTE"
L-IWT2-T,18,118,"LEAVING RECORDS","CASSETTE"
L-IHYA-C,87,87,"LEAVING RECORDS","CASSETTE"
CNO-EIPO-C,20,14,"LEAVING RECORDS","CASSETTE"
JJ-IAP-C,15,88,"LEAVING RECORDS","CASSETTE"
AC-CIP-C,62,62,"LEAVING RECORDS","CASSETTE"
DE-E-C,88,49,"LEAVING RECORDS","CASSETTE"
WTLS-U-C,32,32,"LEAVING RECORDS","CASSETTE"
LR-MFSA-C4E,48,48,"LEAVING RECORDS","CASSETTE"
LR-CWTI-CCWT,1,40,"LEAVING RECORDS","CASSETTE - Connecting with the Inner Healer Through Music"
C-MITP-CB,76,76,"LEAVING RECORDS","CASSETTE BUNDLE"
C-D-CB,125,125,"LEAVING RECORDS","CASSETTE BUNDLE"
LR-LC-CLC,20,20,"LEAVING RECORDS","CASSETTE: Lotus Collage"
LR-UIP-CUIP,14,14,"LEAVING RECORDS","CASSETTE: Unicorns In Paradise"
SWJM-PTCO-CJI,50,2,"LEAVING RECORDS","CD (Japan Import)"
SGSW-TD-CJI,32,2,"LEAVING RECORDS","CD (Japan Import)"
L-IWT2-C2V,1,1,"LEAVING RECORDS","CLEAR 2LP VINYL"
FDN-DN-TCV,89,50,"LEAVING RECORDS","COLOR VINYL"
K-C-CC,47,111,"LEAVING RECORDS","Colors CASSETTE"
SG-B-CDJE,55,55,"LEAVING RECORDS","COMPACT DISC (JAPAN EDITION)"
GB-E-DV,5,168,"LEAVING RECORDS","EXTRAVINYL"
FE-TNIF-FE12,35,35,"LEAVING RECORDS","Flaunt Edwards 12" Vinyl"
GV-GV-GVV,117,10,"LEAVING RECORDS","Galdre Visions VINYL"
GM-GE-GELE,3,3,"LEAVING RECORDS","Gliamd EP Limited Edition Cassette"
L-IWT2-IC,20,20,"LEAVING RECORDS","INTERGALACTIC CASSETTE"
M-OM-LT,49,20,"LEAVING RECORDS","LTD CASSETTE"
NH-TPOD-MC,62,62,"LEAVING RECORDS","MARBLED CASSETTE"
AS-ASII-SV,27,27,"LEAVING RECORDS","MARBLED VINYL"
LR142,47,47,"LEAVING RECORDS","MIVS&BG OFFICIAL VINYL"
M-S,41,4,"LEAVING RECORDS","MYCELIUM MUSIC SHIRT"
M-S,41,9,"LEAVING RECORDS","MYCELIUM MUSIC SHIRT"
M-S,41,12,"LEAVING RECORDS","MYCELIUM MUSIC SHIRT"
M-S,41,11,"LEAVING RECORDS","MYCELIUM MUSIC SHIRT"
M-S,41,5,"LEAVING RECORDS","MYCELIUM MUSIC SHIRT"
ME-SS-PV,13,13,"LEAVING RECORDS","PINK VINYL"
KYVT-SE-SEC,185,2,"LEAVING RECORDS","SIIPI EMPII Cassette"
GH-SE-SEC,33,174,"LEAVING RECORDS","SOLAR EDITIONS CASSETTE"
LR-SZ-SZC,20,1,"LEAVING RECORDS","Sun Zither CASEETTE (archival, 1984)"
SSC-SSC-SSC1,48,48,"LEAVING RECORDS","Swan's Chamber 12" Vinyl"
JFNK-HI-TSV,1,1,"LEAVING RECORDS","TANGERINE SPLATTER VINYL"
NG-MBTT-TB,42,91,"LEAVING RECORDS","TAPE BUNDLE"
DPT-T-T12V,83,83,"LEAVING RECORDS","Technoself 12" Vinyl LP"
NG-MBTT-TP,2,2,"LEAVING RECORDS","TEST PRESSING"
Q-S-TP,109,5,"LEAVING RECORDS","TEST PRESSING"
JFNK-HI-TP,3,3,"LEAVING RECORDS","TEST PRESSING"
AC-CIP-TP,47,1,"LEAVING RECORDS","TEST PRESSING"
L-IWT2-LTPV,10,10,"LEAVING RECORDS","TEST PRESSING 2LP VINYL"
LR-T-TC,26,26,"LEAVING RECORDS","Tonings CASSETTE (archival, 1980s)"
FDN-DN-WRCV,32,32,"LEAVING RECORDS","TRANSLUCENT COLOR VINYL"
M-U-U12V,387,41,"LEAVING RECORDS","UNCLEARED 12" VINYL (HABENERO ORANGE)"
M-U-V,70,70,"LEAVING RECORDS","UNCLEARED 12" VINYL (HABENERO ORANGE)"
M-U-C,7,48,"LEAVING RECORDS","UNCLEARED CASSETTE"
NG-CS-LBV,65,93,"LEAVING RECORDS","VINYL"
NG-PMV3-V,46,19,"LEAVING RECORDS","VINYL"
QO-SA-VB,186,141,"LEAVING RECORDS","VINYL"
SWCW-SWCW-V,4,3,"LEAVING RECORDS","VINYL"
SCD-SCD-LP,7,4,"LEAVING RECORDS","VINYL"
TT-TT-V,1,134,"LEAVING RECORDS","VINYL"
QAS-P-V,2,171,"LEAVING RECORDS","VINYL"
AV-TG-V,60,60,"LEAVING RECORDS","VINYL"
LS-FDIQ-V,8,8,"LEAVING RECORDS","VINYL"
DTPG-THH-V,96,96,"LEAVING RECORDS","VINYL"
FT-M-V,2,73,"LEAVING RECORDS","VINYL"
AS-ASII-V,177,177,"LEAVING RECORDS","VINYL"
GH-MFLS-V,181,128,"LEAVING RECORDS","VINYL"
AJ-D-V,51,48,"LEAVING RECORDS","VINYL"
SG-LAUS-V,32,412,"LEAVING RECORDS","VINYL"
SG-FB-V,26,26,"LEAVING RECORDS","VINYL"
SG-FB-V2,50,50,"LEAVING RECORDS","VINYL"
TW-SW-V,271,271,"LEAVING RECORDS","VINYL"
M-JSP-V,26,247,"LEAVING RECORDS","VINYL"
M-GG-V,45,45,"LEAVING RECORDS","VINYL"
CH-T-V,25,25,"LEAVING RECORDS","VINYL"
NHA-POD-V,79,79,"LEAVING RECORDS","VINYL"
C-SS-V,17,26,"LEAVING RECORDS","VINYL"
SW-OTSI-12VB,1,1,"LEAVING RECORDS","VINYL"
SW-OTSI-V,76,1,"LEAVING RECORDS","VINYL"
DPT-AS-V,18,18,"LEAVING RECORDS","VINYL"
SGSW-MFSA-V,48,48,"LEAVING RECORDS","VINYL"
SGSW-TD-LP,12,12,"LEAVING RECORDS","VINYL"
LL-RM-VB,50,187,"LEAVING RECORDS","VINYL (BLACK)"
TGE-P18-VEE,47,47,"LEAVING RECORDS","VINYL (ESCAPE EDITION)"
M-GG-VM,19,19,"LEAVING RECORDS","VINYL (MARBLED)"
C-ERE-VB,79,23,"LEAVING RECORDS","VINYL BUNDLE"
C-SSE-VB,47,47,"LEAVING RECORDS","VINYL BUNDLE"
X-W-WC,57,1,"LEAVING RECORDS","Ways Cassette"
LR137-1,125,18,"LEAVING RECORDS","WILKES 12" VINYL LP"
Y-YANA-YANA,469,1,"LEAVING RECORDS","yuk. a n a k VINYL"
PURL-01-C,82,31,"LILA लीला","Cassette Tape"
LILA-LUMIN1,19,31,"LILA लीला","CD in Digipak"
LILA-AU4,36,51,"LILA लीला","CD in Digisleeve"
LILA-LUMIN3,13,3,"LILA लीला","CD in Jacket Sleeve"
LILA-AV1,140,140,"LILA लीला","CD in Jacket Sleeve"
LILA-AV1-SE,20,20,"LILA लीला","CD in Jacket Sleeve + Art Prints"
LILA-IND1,4,8,"LILA लीला","CD in Recycled Paper Sleeve"
LILA-AU2,51,30,"LILA लीला","Compact Disc in Paper Sleeve"
LILA-IO1,172,132,"LILA लीला","Double CD in Digipak"
ASIPV027X,14,22,"LILA लीला","Double CD in Digipak"
LILA-AU1,39,92,"LILA लीला","Double CD in Digipak"
LILA-IO1V,42,15,"LILA लीला","Double Vinyl"
SIS117,10,10,"LILA लीला","Handmade CD Edition"
ASIPV049,5,5,"LILA लीला","Transparent Double Vinyl In Gatefold Sleeve"
LILA-ART2,79,89,"LILA लीला","Triple Vinyl in Gatefold Sleeve"
WS0051R,15,5,"Lord Spikeheart","Haekalu Black Long Sleeve"
WS0051R,15,5,"Lord Spikeheart","Haekalu Black Long Sleeve"
WS0051R,15,5,"Lord Spikeheart","Haekalu Black Long Sleeve"
WS0052R,12,4,"Lord Spikeheart","Haekalu White Long Sleeve"
WS0052R,12,4,"Lord Spikeheart","Haekalu White Long Sleeve"
WS0052R,12,3,"Lord Spikeheart","Haekalu White Long Sleeve"
WS0052R,12,1,"Lord Spikeheart","Haekalu White Long Sleeve"
WS0053R,69,69,"Lord Spikeheart","Limited Edition 12" Vinyl"
WS0050R,13,4,"Lord Spikeheart","Lord Spikeheart Short Sleeve T-Shirt. Black"
WS0050R,13,1,"Lord Spikeheart","Lord Spikeheart Short Sleeve T-Shirt. Black"
WS0050R,13,6,"Lord Spikeheart","Lord Spikeheart Short Sleeve T-Shirt. Black"
WS0050R,13,2,"Lord Spikeheart","Lord Spikeheart Short Sleeve T-Shirt. Black"
LS-MPPT-1,47,100,"Lord Spikeheart","MOSH PIT POWER Tee. Black"
LS-MPPT-1,47,99,"Lord Spikeheart","MOSH PIT POWER Tee. Black"
LS-MPPT-1,47,100,"Lord Spikeheart","MOSH PIT POWER Tee. Black"
LS-MPPT-1,47,100,"Lord Spikeheart","MOSH PIT POWER Tee. Black"
LS-MPPT-1,47,100,"Lord Spikeheart","MOSH PIT POWER Tee. Black"
LS-SOTL,500,100,"Lord Spikeheart","Special offer: TYVM Long Sleeve + TYVM Hoodie"
LS-SOTL,500,100,"Lord Spikeheart","Special offer: TYVM Long Sleeve + TYVM Hoodie"
LS-SOTL,500,100,"Lord Spikeheart","Special offer: TYVM Long Sleeve + TYVM Hoodie"
LS-SOTL,500,100,"Lord Spikeheart","Special offer: TYVM Long Sleeve + TYVM Hoodie"
LS-SOTL,500,100,"Lord Spikeheart","Special offer: TYVM Long Sleeve + TYVM Hoodie"
LS-SBZL,14,99,"Lord Spikeheart","Special offer: Zebra Long Sleeve + Zebra Hoodie"
LS-SBZL,14,100,"Lord Spikeheart","Special offer: Zebra Long Sleeve + Zebra Hoodie"
LS-SBZL,14,100,"Lord Spikeheart","Special offer: Zebra Long Sleeve + Zebra Hoodie"
LS-SBZL,14,100,"Lord Spikeheart","Special offer: Zebra Long Sleeve + Zebra Hoodie"
LS-SBZL,14,100,"Lord Spikeheart","Special offer: Zebra Long Sleeve + Zebra Hoodie"
LS-MPPT,1,100,"Lord Spikeheart","TYVM Hoodie. Black"
LS-MPPT,1,100,"Lord Spikeheart","TYVM Hoodie. Black"
LS-MPPT,1,100,"Lord Spikeheart","TYVM Hoodie. Black"
LS-MPPT,1,100,"Lord Spikeheart","TYVM Hoodie. Black"
LS-MPPT,1,100,"Lord Spikeheart","TYVM Hoodie. Black"
LS-TLSB,499,100,"Lord Spikeheart","TYVM Long Sleeve Black"
LS-TLSB,499,100,"Lord Spikeheart","TYVM Long Sleeve Black"
LS-TLSB,499,99,"Lord Spikeheart","TYVM Long Sleeve Black"
LS-TLSB,499,100,"Lord Spikeheart","TYVM Long Sleeve Black"
LS-TLSB,499,100,"Lord Spikeheart","TYVM Long Sleeve Black"
LS-ZHB,499,100,"Lord Spikeheart","Zebra Hoodie. Black"
LS-ZHB,499,100,"Lord Spikeheart","Zebra Hoodie. Black"
LS-ZHB,499,99,"Lord Spikeheart","Zebra Hoodie. Black"
LS-ZHB,499,100,"Lord Spikeheart","Zebra Hoodie. Black"
LS-ZHB,499,100,"Lord Spikeheart","Zebra Hoodie. Black"
LS-R,499,100,"Lord Spikeheart","Zebra Long Sleeve. Black"
LS-R,499,100,"Lord Spikeheart","Zebra Long Sleeve. Black"
LS-R,499,99,"Lord Spikeheart","Zebra Long Sleeve. Black"
LS-R,499,100,"Lord Spikeheart","Zebra Long Sleeve. Black"
LS-R,499,100,"Lord Spikeheart","Zebra Long Sleeve. Black"
MM-PAA1,40,40,"Matt McBane","Printed Album Art (12x12) with download"
LP-NNA-142,27,26,"NNA Tapes","Black Vinyl LP"
MLP-NNA-127,24,24,"NNA Tapes","Limited Edition Cream 12" Vinyl"
LP-NNA-136,35,35,"NNA Tapes","Limited Edition Dusk Red Vinyl"
LP-NNA-144D2F,49,49,"NNA Tapes","Limited Edition Purple Vinyl"
LP-NNA-116,6,6,"NNA Tapes","Limited Edition Vinyl LP"
LP-NNA-147,44,44,"NNA Tapes","Metal Aether / Resonant Field Reissue 2xLP"
LP-NNA-095,1,1,"NNA Tapes","Nothing"
SB-ACTS,13,3,"NNA Tapes","Shirt + LP Bundle!"
SB-ACTS,13,3,"NNA Tapes","Shirt + LP Bundle!"
SB-ACTS,13,3,"NNA Tapes","Shirt + LP Bundle!"
SB-ACTS,13,2,"NNA Tapes","Shirt + LP Bundle!"
SB-ACTS,13,2,"NNA Tapes","Shirt + LP Bundle!"
LP-NNA-123,11,11,"NNA Tapes","Standard 12" Vinyl"
LP-NNA-127,41,41,"NNA Tapes","Standard 12" Vinyl"
LP-NNA-075-1,31,31,"NNA Tapes","Standard 12" Vinyl"
LP-NS-050,4,4,"Northern Spy Records","12" Vinyl"
MLP-NS-139-R&B,20,20,"Northern Spy Records","2 x LP "Red & Blue" Edition"
LP-NS-163,30,30,"Northern Spy Records","Black Vinyl"
LP-NS-125,4,4,"Northern Spy Records","Black Vinyl LP"
CS-NS-173,65,65,"Northern Spy Records","Cassette + Broadsheet Poster"
SR-S-C,460,460,"Northern Spy Records","CD"
CD-NS-035,4,4,"Northern Spy Records","CD"
CD-NS-139-1,8,8,"Northern Spy Records","Compact Disc"
PS-HBC-HBCL,4,4,"Northern Spy Records","Head Body Connector - Limited Edition "Cracked Egg" Vinyl"
TT-S-JMLE,31,31,"Northern Spy Records","Juliette b/w Muerto Limited Edition 7""
LP-NS-133D2F,39,39,"Northern Spy Records","Limited Edition Blue Vinyl LP"
S-S-LEDV,6,6,"Northern Spy Records","Limited Edition Double Vinyl"
SR-MPDC,33,4,"Northern Spy Records","Manic Pixie Dream Cunt T-Shirt"
SR-MPDC,33,11,"Northern Spy Records","Manic Pixie Dream Cunt T-Shirt"
SR-MPDC,33,5,"Northern Spy Records","Manic Pixie Dream Cunt T-Shirt"
SR-MPDC,33,13,"Northern Spy Records","Manic Pixie Dream Cunt T-Shirt"
CD-FOM-0000,3,1,"Northern Spy Records","Sex CD"
LP-NS-163-COLOR,15,15,"Northern Spy Records","Splatter Vinyl"
LP-NS-138,13,13,"Northern Spy Records","Standard Black LP"
LP-NS-133,21,21,"Northern Spy Records","Standard Black Vinyl LP (2nd Pressing)"
LP-NS-100,22,22,"Northern Spy Records","Standard Black Vinyl Record"
NS-158-SHIRT,1,1,"Northern Spy Records","T-Shirt (The New Black)"
LP-NS-075,55,55,"Northern Spy Records","Vinyl Record"
NS-120-GREEN,19,19,"Northern Spy Records","Wetlands Green 12" Vinyl LP (2nd Pressing)"
S-ACFT,1,1,"SUSS","Ambient Country Festival Tee"
S-BBMT,74,4,"SUSS","Birds & Beast  Monkey Tee"
S-BBMT,74,8,"SUSS","Birds & Beast  Monkey Tee"
S-BBMT,74,18,"SUSS","Birds & Beast  Monkey Tee"
S-BBMT,74,21,"SUSS","Birds & Beast  Monkey Tee"
S-BBMT,74,21,"SUSS","Birds & Beast  Monkey Tee"
S-BBMT,74,2,"SUSS","Birds & Beast  Monkey Tee"
S-BBST,68,14,"SUSS","BIrds & Beast Skull Tee"
S-BBST,68,11,"SUSS","BIrds & Beast Skull Tee"
S-BBST,68,22,"SUSS","BIrds & Beast Skull Tee"
S-BBST,68,7,"SUSS","BIrds & Beast Skull Tee"
S-BBST,68,12,"SUSS","BIrds & Beast Skull Tee"
S-BBST,68,2,"SUSS","BIrds & Beast Skull Tee"
S-BPT,16,7,"SUSS","Black Promise Tee"
S-BPT,16,3,"SUSS","Black Promise Tee"
S-BPT,16,1,"SUSS","Black Promise Tee"
S-BPT,16,5,"SUSS","Black Promise Tee"
S-HGST,68,5,"SUSS","Heather Gray Sunbeam Tee"
S-HGST,68,8,"SUSS","Heather Gray Sunbeam Tee"
S-HGST,68,10,"SUSS","Heather Gray Sunbeam Tee"
S-HGST,68,18,"SUSS","Heather Gray Sunbeam Tee"
S-HGST,68,24,"SUSS","Heather Gray Sunbeam Tee"
S-HGST,68,3,"SUSS","Heather Gray Sunbeam Tee"
S-ISNT,27,5,"SUSS","Immersion | SUSS Nanocluster t-shirt"
S-ISNT,27,6,"SUSS","Immersion | SUSS Nanocluster t-shirt"
S-ISNT,27,4,"SUSS","Immersion | SUSS Nanocluster t-shirt"
S-ISNT,27,1,"SUSS","Immersion | SUSS Nanocluster t-shirt"
S-ISNT,27,1,"SUSS","Immersion | SUSS Nanocluster t-shirt"
S-ISNT,27,2,"SUSS","Immersion | SUSS Nanocluster t-shirt"
S-ISNT,27,5,"SUSS","Immersion | SUSS Nanocluster t-shirt"
S-ISNT,27,2,"SUSS","Immersion | SUSS Nanocluster t-shirt"
S-ISNT,27,1,"SUSS","Immersion | SUSS Nanocluster t-shirt"
S-NV3-NV3D,6,6,"SUSS","Nanocluster, Vol. 3  Double 10""
S-RATH,93,5,"SUSS","Red Across the Horizon Tee"
S-RATH,93,9,"SUSS","Red Across the Horizon Tee"
S-RATH,93,23,"SUSS","Red Across the Horizon Tee"
S-RATH,93,30,"SUSS","Red Across the Horizon Tee"
S-RATH,93,23,"SUSS","Red Across the Horizon Tee"
S-RATH,93,3,"SUSS","Red Across the Horizon Tee"
S-SBPT,3,3,"SUSS","Steel Blue Promise Tee"
S-SATH,50,50,"SUSS","SUSS Across the Horizon Record Bag"
S-SPBD,3,3,"SUSS","SUSS Poster by Darryl Norsen"
S-SS20,45,5,"SUSS","SUSS Spring 2025 Tour Sweatshirt"
S-SS20,45,11,"SUSS","SUSS Spring 2025 Tour Sweatshirt"
S-SS20,45,15,"SUSS","SUSS Spring 2025 Tour Sweatshirt"
S-SS20,45,12,"SUSS","SUSS Spring 2025 Tour Sweatshirt"
S-SS20,45,2,"SUSS","SUSS Spring 2025 Tour Sweatshirt"
GI-J-JCD,188,188,"True Panther","'Junk' Compact Disc"
LA-TCI-12VE,297,297,"True Panther","12" Vinyl EP"
QL-BASS2-CD,75,73,"True Panther","Blue Angel Sparkling Silver 2 (CD)"
G-BDC-BGCO,100,100,"True Panther","Bundle: Girls / Christopher Owens Discography + Patch"
G-A-BGCO,100,100,"True Panther","Bundle: Girls / Christopher Owens Discography + Patch"
CB-CC3-CC3C,93,93,"True Panther","Cash Corridos 3 Compact Disc (CD)"
OK-CE-BLK,66,66,"True Panther","choke enough Black 12" LP"
OK-CE-CD,13,13,"True Panther","choke enough Compact Disc"
MALP6BLACK,100,100,"True Panther","Dogsbody Black 12" Vinyl"
MBL-G-G,3,3,"True Panther","É GRAU"
GI-G-GSC,16,14,"True Panther","Girlfriend (Signed CD)"
G-BUNDLE,85,85,"True Panther","Girls / Christopher Owens Discography Vinyl Bundle + Patch"
CO-IWRB-VBWP,83,83,"True Panther","Girls Discography / Christopher Owens Vinyl Bundle + Patch"
GIRLS-PATCH,9,8,"True Panther","Girls Original Red Iron-on Chenille Patch"
FC-HR-HRSR,2,2,"True Panther","Hearth Room / SPEED RUN 2LP"
B-A-ALP,133,126,"True Panther","Limited Edition 12" Black Vinyl + Flexi/Poster"
CO-IWRB-LE12,49,49,"True Panther","Limited Edition 12" Clear Vinyl"
PB-O-LECD,87,87,"True Panther","Limited Edition Compact Disc"
OKLOU-P4K-MAG,17,17,"True Panther","Oklou - Pitchfork Zine (Oct 2025 Cover)"
MA-P-PCG1,228,229,"True Panther","Pirouette Clear Glitter 12" Vinyl"
MA-P-PCDI,431,100,"True Panther","Pirouette Wallet CD"
MA-PWT1,151,32,"True Panther","Pirouette White Tee + 12" Vinyl"
MA-PWT1,151,41,"True Panther","Pirouette White Tee + 12" Vinyl"
MA-PWT1,151,40,"True Panther","Pirouette White Tee + 12" Vinyl"
MA-PWT1,151,38,"True Panther","Pirouette White Tee + 12" Vinyl"
FC-S-CD,34,36,"True Panther","SISTER Compact Disc (CD)"
B-SP-SPTP,184,184,"True Panther","sleep paralysis Translucent Purple Vinyl"
K-S-S12B,81,81,"True Panther","Sleepers 12" Blue Swirl Vinyl"
LA-TIS-TIS1,492,492,"True Panther","the infinite spine 12" Clear Vinyl"
T-TB-TBC,88,88,"True Panther","Two Birds White Cassette"
LP-WSR-044-SHIRTBUNDLE-1,3,1,"Whited Sepulchre Records",""A Matinee" LP + T-Shirt Package"
LP-WSR-044-SHIRTBUNDLE-1,3,2,"Whited Sepulchre Records",""A Matinee" LP + T-Shirt Package"
LP-WSR-044-SHIRTBUNDLE,3,1,"Whited Sepulchre Records",""A Matinee" LP + T-Shirt Package"
LP-WSR-044-SHIRTBUNDLE,3,2,"Whited Sepulchre Records",""A Matinee" LP + T-Shirt Package"
SHIRT-WSR-044,4,1,"Whited Sepulchre Records",""A Matinee" T-Shirt"
SHIRT-WSR-044,4,1,"Whited Sepulchre Records",""A Matinee" T-Shirt"
SHIRT-WSR-044,4,2,"Whited Sepulchre Records",""A Matinee" T-Shirt"
SHIRT-WSR-044-1,4,1,"Whited Sepulchre Records",""A Matinee" T-Shirt"
SHIRT-WSR-044-1,4,1,"Whited Sepulchre Records",""A Matinee" T-Shirt"
SHIRT-WSR-044-1,4,2,"Whited Sepulchre Records",""A Matinee" T-Shirt"
SHIRT-WSR-CB-MEAU,10,1,"Whited Sepulchre Records",""My Eyes Are Up Here" T-shirt"
SHIRT-WSR-CB-MEAU,10,3,"Whited Sepulchre Records",""My Eyes Are Up Here" T-shirt"
SHIRT-WSR-CB-MEAU,10,4,"Whited Sepulchre Records",""My Eyes Are Up Here" T-shirt"
SHIRT-WSR-CB-MEAU,10,2,"Whited Sepulchre Records",""My Eyes Are Up Here" T-shirt"
WBS-TMTS,97,24,"Whited Sepulchre Records",""Unification" T-Shirt"
WBS-TMTS,97,25,"Whited Sepulchre Records",""Unification" T-Shirt"
WBS-TMTS,97,25,"Whited Sepulchre Records",""Unification" T-Shirt"
WBS-TMTS,97,19,"Whited Sepulchre Records",""Unification" T-Shirt"
WBS-TMTS,97,4,"Whited Sepulchre Records",""Unification" T-Shirt"
LP-WSR-HG-SYC,200,200,"Whited Sepulchre Records","(U.S. Customers Only) Limited Edition 12" Vinyl"
LP-WSR-035-POSTERBUNDLE,46,46,"Whited Sepulchre Records","Acknowledgment LP + Poster Insert + Limited Edition Risograph "Guides" Poster"
Z-AOL-AOLT,3,3,"Whited Sepulchre Records","Array of Light Test Press + LP (Edition of 4)"
P-IDTG-POCL,24,5,"Whited Sepulchre Records","CD + Longsleeve Bundle"
P-IDTG-POCL,24,3,"Whited Sepulchre Records","CD + Longsleeve Bundle"
P-IDTG-POCL,24,10,"Whited Sepulchre Records","CD + Longsleeve Bundle"
P-IDTG-POCL,24,5,"Whited Sepulchre Records","CD + Longsleeve Bundle"
P-IDTG-POCL,24,1,"Whited Sepulchre Records","CD + Longsleeve Bundle"
JQT-HTMD-CTSB,6,2,"Whited Sepulchre Records","CD + T-Shirt Bundle"
JQT-HTMD-CTSB,6,4,"Whited Sepulchre Records","CD + T-Shirt Bundle"
LP-WSR-035-BUNDLE,7,7,"Whited Sepulchre Records","Implication Bundle"
O-KM-KMTP,9,9,"Whited Sepulchre Records","KONGO / MERCY Test Press + LP (Edition of 9)"
JQT-LEIB,5,2,"Whited Sepulchre Records","Limited Edition "I Believe" T-Shirt"
JQT-LEIB,5,1,"Whited Sepulchre Records","Limited Edition "I Believe" T-Shirt"
JQT-LEIB,5,2,"Whited Sepulchre Records","Limited Edition "I Believe" T-Shirt"
SHIRT-WSR-036,2,1,"Whited Sepulchre Records","Limited Edition "Tender" T-Shirt"
SHIRT-WSR-036,2,1,"Whited Sepulchre Records","Limited Edition "Tender" T-Shirt"
WBS-TM-LE12-1,109,109,"Whited Sepulchre Records","Limited Edition 12""
E-P-LE12,289,289,"Whited Sepulchre Records","Limited Edition 12" Vinyl"
P-IDTG-LE12,296,296,"Whited Sepulchre Records","Limited Edition 12" Vinyl"
LP-WSR-044-1,487,487,"Whited Sepulchre Records","Limited Edition 12" Vinyl"
LP-WSR-033-BUNDLE,31,31,"Whited Sepulchre Records","Limited Edition 12" Vinyl + CD"
WBS-TM-LE12,219,219,"Whited Sepulchre Records","Limited Edition 12" Vinyl w/ Sigil Booklet"
LP-WSR-045-WITHBOOK,120,120,"Whited Sepulchre Records","Limited Edition 12" Vinyl w/ Sigil Booklet"
LP-WSR-JOYS-JOYS,198,198,"Whited Sepulchre Records","Limited Edition 12" w/ companion zine"
PS-FHOI-LE7L,43,43,"Whited Sepulchre Records","Limited Edition 7" Lathe"
LM-FHOI-LE7L,87,87,"Whited Sepulchre Records","Limited Edition 7" Lathe"
CS-WSR-LTJ-FNM,22,22,"Whited Sepulchre Records","Limited Edition Cassette"
CS-WSR-051,90,90,"Whited Sepulchre Records","Limited Edition Cassette"
CS-WSR-039-1,30,30,"Whited Sepulchre Records","Limited Edition Cassette"
CS-WSR-016,48,48,"Whited Sepulchre Records","Limited Edition Cassette"
CS-WSR-008-1,20,20,"Whited Sepulchre Records","Limited Edition Cassette"
CS-WSR-008,20,20,"Whited Sepulchre Records","Limited Edition Cassette"
CS-WSR-000,2,2,"Whited Sepulchre Records","Limited Edition Cassette"
CS-WSR-039-BUNDLE,20,20,"Whited Sepulchre Records","Limited Edition Cassette + Zine"
CS-WSR-022,20,20,"Whited Sepulchre Records","Limited Edition Cassette w/ Alt. Artwork"
JQT-HTMD-LEC,95,95,"Whited Sepulchre Records","Limited Edition CD"
CD-WSR-034,100,100,"Whited Sepulchre Records","Limited Edition CD"
CD-WSR-007-1,10,10,"Whited Sepulchre Records","Limited Edition CD"
CD-WSR-033,29,29,"Whited Sepulchre Records","Limited Edition CD"
CD-WSR-007,21,21,"Whited Sepulchre Records","Limited Edition CD"
LP-WSR-002-CLEAR,77,77,"Whited Sepulchre Records","Limited Edition Clear Vinyl"
AL-SD-LECV-1,37,37,"Whited Sepulchre Records","Limited Edition Clear Vinyl + Split Cassette w/ braeyden jae + Limited Edition Insert"
AL-T-LECV-1,3,1,"Whited Sepulchre Records","Limited Edition Color Variant Re-Issue + T-Shirt  w/ Redesigned Cover, Risograph Insert, Liner Notes"
AL-T-LECV-1,3,1,"Whited Sepulchre Records","Limited Edition Color Variant Re-Issue + T-Shirt  w/ Redesigned Cover, Risograph Insert, Liner Notes"
AL-T-LECV-1,3,1,"Whited Sepulchre Records","Limited Edition Color Variant Re-Issue + T-Shirt  w/ Redesigned Cover, Risograph Insert, Liner Notes"
LTJ-W-LECD,92,92,"Whited Sepulchre Records","Limited Edition Compact Disc"
P-IDTG-LECD,294,294,"Whited Sepulchre Records","Limited Edition Compact Disc"
CD-WSR-050,63,63,"Whited Sepulchre Records","Limited Edition Compact Disc"
SM-ATOC-LECD,182,182,"Whited Sepulchre Records","Limited Edition Compact Disc"
SI-WSR-BP-OAHA,78,78,"Whited Sepulchre Records","Limited Edition Lathe-Cut 7""
SI-WSR-BP-OAHAP,20,20,"Whited Sepulchre Records","Limited Edition Lathe-Cut 7" with Polaroid"
LP-WSR-038-LAV,2,2,"Whited Sepulchre Records","Limited Edition Lavender LP"
SI-WSR-005-1,113,113,"Whited Sepulchre Records","Limited Edition Split 7""
CS-WSR-015-1,32,32,"Whited Sepulchre Records","Limited Edition Split Cassette"
CS-WSR-014-1,21,21,"Whited Sepulchre Records","Limited Edition Split with AMULETS"
LP-WSR-001-WHITE,18,18,"Whited Sepulchre Records","Limited Edition White Vinyl"
P-IDTG-POLL,24,7,"Whited Sepulchre Records","LP & Longsleeve Bundle"
P-IDTG-POLL,24,2,"Whited Sepulchre Records","LP & Longsleeve Bundle"
P-IDTG-POLL,24,10,"Whited Sepulchre Records","LP & Longsleeve Bundle"
P-IDTG-POLL,24,4,"Whited Sepulchre Records","LP & Longsleeve Bundle"
P-IDTG-POLL,24,1,"Whited Sepulchre Records","LP & Longsleeve Bundle"
LP-WSR-035-INTL,199,199,"Whited Sepulchre Records","Non U.S Customers: Limited Edition LP"
LP-WSR-050-INTL,243,243,"Whited Sepulchre Records","Non-U.S Customers: Limited Edition 12""
P-PLTS,14,1,"Whited Sepulchre Records","Peretsky Longsleeve T-Shirt"
P-PLTS,14,5,"Whited Sepulchre Records","Peretsky Longsleeve T-Shirt"
P-PLTS,14,1,"Whited Sepulchre Records","Peretsky Longsleeve T-Shirt"
P-PLTS,14,7,"Whited Sepulchre Records","Peretsky Longsleeve T-Shirt"
LM-SG-SGTP,2,2,"Whited Sepulchre Records","Slow Grass Test Press. Limited to 2."
EM-SA-SALE,8,8,"Whited Sepulchre Records","Stars Aligned Limited Edition 12" Vinyl"
JQT-WMAB,45,45,"Whited Sepulchre Records","Westcoast Medieval Ambient Bumper Sticker"